<?xml version="1.0" encoding="UTF-8"?>
<!DOCTYPE mapper PUBLIC "-//mybatis.org//DTD Mapper 3.0//EN" "http://mybatis.org/dtd/mybatis-3-mapper.dtd">

<mapper namespace="com.msafive.stock.mapper.StockMapper">
  <select id="selectByStockcd" resultType="com.msafive.stock.model.StockVO">
        SELECT * FROM stock WHERE stockcd = #{stockcd} limit 1
    </select>
    <select id="selectStockList" resultType="com.msafive.stock.model.StockVO">
        SELECT * FROM stock
    </select>
    <insert id="insertStock">
        INSERT INTO stock(stockcd,stocknm) value(#{stockcd},#{stocknm})
    </insert>
    <update id="updateStock">
        update stock set stocknm =#{stocknm} where stockcd=#{stockcd}
    </update>
     <delete id="deleteStock">
        delete from stock where stockcd=#{stockcd}
    </delete>
</mapper>