<?xml version="1.0" encoding="UTF-8"?>
<!DOCTYPE mapper PUBLIC "-//mybatis.org//DTD Mapper 3.0//EN" "http://mybatis.org/dtd/mybatis-3-mapper.dtd">

<mapper namespace="com.msafour.prodinfo.mapper.ProdinfoMapper">
  <select id="selectByProdcd" resultType="com.msafour.prodinfo.model.ProdinfoVO">
        SELECT * FROM prodinfo WHERE prodcd = #{prodcd} limit 1
    </select>
    <select id="selectProdinfoList" resultType="com.msafour.prodinfo.model.ProdinfoVO">
        SELECT * FROM prodinfo
    </select>
    <insert id="insertProdinfo">
        INSERT INTO prodinfo(prodcd,prodnm) value(#{prodcd},#{prodnm})
    </insert>
    <update id="updateProdinfo">
        update prodinfo set prodnm =#{prodnm} where prodcd=#{prodcd}
    </update>
     <delete id="deleteProdinfo">
        delete from prodinfo where prodcd=#{prodcd}
    </delete>
</mapper>