<?xml version="1.0" encoding="UTF-8"?>
<!DOCTYPE mapper PUBLIC "-//mybatis.org//DTD Mapper 3.0//EN" "http://mybatis.org/dtd/mybatis-3-mapper.dtd">

<mapper namespace="com.msaone.user.mapper.User2Mapper">
	
	<select id="selectUserList" resultType="com.msaone.user.model.UserVO">
		SELECT * FROM users
	</select>
	
	<insert id="insertUser">
		INSERT INTO users(id, name) value(#{id}, #{name})
	</insert>
	
	<select id="selectById" resultType="com.msaone.user.model.UserVO">
		SELECT * FROM users WHERE id = #{id} limit 1
	</select>
	
	<delete id="deleteUser">
		delete from users where id=#{id}
	</delete>
	
	<update id="updateUser">
		update users set name=#{name} where id=#{id}
	</update>
	
</mapper>